dataset,model,metric,estimate,ci_95_low,ci_95_high,n_pairs,bootstrap_samples,seed
imdb_contrast_negation,distilbert_sst2,accuracy_original,0.9088050314465409,0.8773584905660378,0.940251572327044,318,10000,42
imdb_contrast_negation,distilbert_sst2,accuracy_counterpart,0.8836477987421384,0.8459119496855346,0.9182389937106918,318,10000,42
imdb_contrast_negation,distilbert_sst2,prediction_change_matches_gold,0.7987421383647799,0.7515723270440252,0.8427672955974843,318,10000,42
imdb_contrast_negation,distilbert_sst2,paired_both_correct,0.7955974842767296,0.7484276729559748,0.839622641509434,318,10000,42
imdb_contrast_negation,bert_sst2,accuracy_original,0.940251572327044,0.9119496855345912,0.9654088050314465,318,10000,42
imdb_contrast_negation,bert_sst2,accuracy_counterpart,0.889937106918239,0.8553459119496856,0.9245283018867925,318,10000,42
imdb_contrast_negation,bert_sst2,prediction_change_matches_gold,0.8364779874213837,0.7955974842767296,0.8742138364779874,318,10000,42
imdb_contrast_negation,bert_sst2,paired_both_correct,0.8333333333333334,0.7924528301886793,0.8710691823899371,318,10000,42
imdb_contrast_negation,roberta_base_sst2,accuracy_original,0.9276729559748428,0.8962264150943396,0.9528301886792453,318,10000,42
imdb_contrast_negation,roberta_base_sst2,accuracy_counterpart,0.9245283018867925,0.8930817610062893,0.9528301886792453,318,10000,42
imdb_contrast_negation,roberta_base_sst2,prediction_change_matches_gold,0.8584905660377359,0.8207547169811321,0.8962264150943396,318,10000,42
imdb_contrast_negation,roberta_base_sst2,paired_both_correct,0.8553459119496856,0.8176100628930818,0.8930817610062893,318,10000,42
imdb_contrast_negation,roberta_sentiment,accuracy_original,0.9591194968553459,0.9371069182389937,0.9779874213836478,318,10000,42
imdb_contrast_negation,roberta_sentiment,accuracy_counterpart,0.9528301886792453,0.9276729559748428,0.9748427672955975,318,10000,42
imdb_contrast_negation,roberta_sentiment,prediction_change_matches_gold,0.9245283018867925,0.8930817610062893,0.9528301886792453,318,10000,42
imdb_contrast_negation,roberta_sentiment,paired_both_correct,0.9182389937106918,0.8867924528301887,0.9465408805031447,318,10000,42
