dataset,metric,model_a,model_b,estimate_a,estimate_b,difference_a_minus_b,a_only_correct,b_only_correct,mcnemar_exact_p,n_pairs,bonferroni_threshold,p_bonferroni,significant_after_bonferroni
imdb_contrast_negation,accuracy_original,distilbert_sst2,bert_sst2,0.9088050314465409,0.940251572327044,-0.03144654088050314,3,13,0.021270751953125,318,0.0020833333333333333,0.510498046875,False
imdb_contrast_negation,accuracy_counterpart,distilbert_sst2,bert_sst2,0.8836477987421384,0.889937106918239,-0.0062893081761006275,12,14,0.8450189828872681,318,0.0020833333333333333,1.0,False
imdb_contrast_negation,prediction_change_matches_gold,distilbert_sst2,bert_sst2,0.7987421383647799,0.8364779874213837,-0.037735849056603765,15,27,0.08842954698775429,318,0.0020833333333333333,1.0,False
imdb_contrast_negation,paired_both_correct,distilbert_sst2,bert_sst2,0.7955974842767296,0.8333333333333334,-0.037735849056603765,15,27,0.08842954698775429,318,0.0020833333333333333,1.0,False
imdb_contrast_negation,accuracy_original,distilbert_sst2,roberta_base_sst2,0.9088050314465409,0.9276729559748428,-0.018867924528301883,5,11,0.210113525390625,318,0.0020833333333333333,1.0,False
imdb_contrast_negation,accuracy_counterpart,distilbert_sst2,roberta_base_sst2,0.8836477987421384,0.9245283018867925,-0.04088050314465408,7,20,0.0191572904586792,318,0.0020833333333333333,0.4597749710083008,False
imdb_contrast_negation,prediction_change_matches_gold,distilbert_sst2,roberta_base_sst2,0.7987421383647799,0.8584905660377359,-0.05974842767295596,11,30,0.00432400493446039,318,0.0020833333333333333,0.10377611842704937,False
imdb_contrast_negation,paired_both_correct,distilbert_sst2,roberta_base_sst2,0.7955974842767296,0.8553459119496856,-0.05974842767295596,11,30,0.00432400493446039,318,0.0020833333333333333,0.10377611842704937,False
imdb_contrast_negation,accuracy_original,distilbert_sst2,roberta_sentiment,0.9088050314465409,0.9591194968553459,-0.05031446540880502,4,20,0.001543879508972168,318,0.0020833333333333333,0.03705310821533203,True
imdb_contrast_negation,accuracy_counterpart,distilbert_sst2,roberta_sentiment,0.8836477987421384,0.9528301886792453,-0.0691823899371069,7,29,0.00031255115754902363,318,0.0020833333333333333,0.007501227781176567,True
imdb_contrast_negation,prediction_change_matches_gold,distilbert_sst2,roberta_sentiment,0.7987421383647799,0.9245283018867925,-0.12578616352201255,10,50,1.6163814566157175e-07,318,0.0020833333333333333,3.879315495877722e-06,True
imdb_contrast_negation,paired_both_correct,distilbert_sst2,roberta_sentiment,0.7955974842767296,0.9182389937106918,-0.12264150943396224,10,49,2.706279703008907e-07,318,0.0020833333333333333,6.495071287221377e-06,True
imdb_contrast_negation,accuracy_original,bert_sst2,roberta_base_sst2,0.940251572327044,0.9276729559748428,0.012578616352201255,8,4,0.3876953125,318,0.0020833333333333333,1.0,False
imdb_contrast_negation,accuracy_counterpart,bert_sst2,roberta_base_sst2,0.889937106918239,0.9245283018867925,-0.03459119496855345,6,17,0.03468966484069824,318,0.0020833333333333333,0.8325519561767578,False
imdb_contrast_negation,prediction_change_matches_gold,bert_sst2,roberta_base_sst2,0.8364779874213837,0.8584905660377359,-0.022012578616352196,13,20,0.296206368599087,318,0.0020833333333333333,1.0,False
imdb_contrast_negation,paired_both_correct,bert_sst2,roberta_base_sst2,0.8333333333333334,0.8553459119496856,-0.022012578616352196,13,20,0.296206368599087,318,0.0020833333333333333,1.0,False
imdb_contrast_negation,accuracy_original,bert_sst2,roberta_sentiment,0.940251572327044,0.9591194968553459,-0.018867924528301883,5,11,0.210113525390625,318,0.0020833333333333333,1.0,False
imdb_contrast_negation,accuracy_counterpart,bert_sst2,roberta_sentiment,0.889937106918239,0.9528301886792453,-0.06289308176100628,6,26,0.0005350527353584766,318,0.0020833333333333333,0.01284126564860344,True
imdb_contrast_negation,prediction_change_matches_gold,bert_sst2,roberta_sentiment,0.8364779874213837,0.9245283018867925,-0.08805031446540879,10,38,6.169640777642371e-05,318,0.0020833333333333333,0.001480713786634169,True
imdb_contrast_negation,paired_both_correct,bert_sst2,roberta_sentiment,0.8333333333333334,0.9182389937106918,-0.08490566037735847,10,37,9.848878492846325e-05,318,0.0020833333333333333,0.002363730838283118,True
imdb_contrast_negation,accuracy_original,roberta_base_sst2,roberta_sentiment,0.9276729559748428,0.9591194968553459,-0.03144654088050314,3,13,0.021270751953125,318,0.0020833333333333333,0.510498046875,False
imdb_contrast_negation,accuracy_counterpart,roberta_base_sst2,roberta_sentiment,0.9245283018867925,0.9528301886792453,-0.028301886792452824,7,16,0.0931396484375,318,0.0020833333333333333,1.0,False
imdb_contrast_negation,prediction_change_matches_gold,roberta_base_sst2,roberta_sentiment,0.8584905660377359,0.9245283018867925,-0.06603773584905659,9,30,0.0010650196345523,318,0.0020833333333333333,0.0255604712292552,True
imdb_contrast_negation,paired_both_correct,roberta_base_sst2,roberta_sentiment,0.8553459119496856,0.9182389937106918,-0.06289308176100628,9,29,0.0016580525261815637,318,0.0020833333333333333,0.03979326062835753,True
